City_ID,City,Country,Date,Lat,Lng,Max Temp,Humidity,Cloudiness,Wind Speed
0,Atuona,PF,2022-02-02 17:22:44,-9.8,-139.0333,78.1,78,64,17.36
1,Rikitea,PF,2022-02-02 17:21:42,-23.1203,-134.9692,77.29,75,57,6.35
2,Mouila,GA,2022-02-02 17:22:45,-1.8685,11.0559,78.26,85,75,4.07
3,Chokurdakh,RU,2022-02-02 17:20:44,70.6333,147.9167,-17.09,99,71,7.47
4,Avarua,CK,2022-02-02 17:22:45,-21.2078,-159.775,78.85,89,75,14.97
5,Port Alfred,ZA,2022-02-02 17:19:16,-33.5906,26.891,79.32,79,95,8.59
6,Marion,US,2022-02-02 17:18:40,39.7684,-86.1555,44.92,96,100,6.91
7,Ushuaia,AR,2022-02-02 17:19:55,-54.8,-68.3,47.82,65,75,20.71
8,Kendari,ID,2022-02-02 17:22:45,-3.945,122.4989,75.87,91,99,1.88
9,Saint George,US,2022-02-02 17:21:01,37.1041,-113.5841,39.67,28,75,4.0
10,Naze,JP,2022-02-02 17:22:46,28.3667,129.4833,55.92,89,100,18.66
11,Kapaa,US,2022-02-02 17:22:46,22.0752,-159.319,67.12,83,100,1.01
12,Puerto Ayora,EC,2022-02-02 17:20:30,-0.7393,-90.3518,82.36,73,49,8.63
13,Mataura,NZ,2022-02-02 17:22:46,-46.1927,168.8643,56.48,98,100,5.79
14,Havelock,US,2022-02-02 17:22:46,34.8791,-76.9013,58.98,73,16,3.0
15,Bluff,NZ,2022-02-02 17:22:47,-46.6,168.3333,56.8,83,100,17.78
16,Ampanihy,MG,2022-02-02 17:22:47,-24.7,44.75,75.33,67,0,16.69
17,Butaritari,KI,2022-02-02 17:22:48,3.0707,172.7902,80.85,82,93,17.74
18,Toccoa,US,2022-02-02 17:22:48,34.5773,-83.3324,49.33,63,100,0.0
19,Albany,US,2022-02-02 17:20:05,42.6001,-73.9662,42.48,73,98,5.01
20,Okato,NZ,2022-02-02 17:22:48,-39.2,173.8833,69.91,88,100,17.72
21,Cape Town,ZA,2022-02-02 17:22:48,-33.9258,18.4232,70.09,89,75,1.01
22,Bredasdorp,ZA,2022-02-02 17:19:49,-34.5322,20.0403,74.52,64,24,14.97
23,Punta Arenas,CL,2022-02-02 17:22:49,-53.15,-70.9167,53.71,66,75,10.36
24,Pisco,PE,2022-02-02 17:22:49,-13.7,-76.2167,75.25,64,0,9.22
25,Tabora,TZ,2022-02-02 17:22:49,-5.0167,32.8,66.6,91,94,1.25
26,Qaanaaq,GL,2022-02-02 17:22:15,77.484,-69.3632,-23.4,65,30,8.61
27,San Policarpo,PH,2022-02-02 17:22:49,12.1791,125.5072,79.25,82,100,14.97
28,Qaqortoq,GL,2022-02-02 17:22:50,60.7167,-46.0333,7.3,66,2,4.03
29,Hobart,AU,2022-02-02 17:19:22,-42.8794,147.3294,53.46,75,100,8.05
30,Launceston,AU,2022-02-02 17:22:50,-41.45,147.1667,52.81,76,40,5.75
31,Tres Arroyos,AR,2022-02-02 17:22:50,-38.3739,-60.2798,94.64,24,94,11.3
32,Heilbron,ZA,2022-02-02 17:22:50,-27.2812,27.9709,77.23,38,3,7.07
33,Constitucion,CL,2022-02-02 17:22:51,-35.3333,-72.4167,67.51,64,3,8.23
34,Askiz,RU,2022-02-02 17:22:51,53.1319,90.5264,-5.3,99,62,3.29
35,Hermanus,ZA,2022-02-02 17:21:48,-34.4187,19.2345,68.81,77,14,20.22
36,New Norfolk,AU,2022-02-02 17:22:51,-42.7826,147.0587,53.1,65,59,3.0
37,Arraial Do Cabo,BR,2022-02-02 17:22:51,-22.9661,-42.0278,85.96,74,20,14.97
38,Port Lincoln,AU,2022-02-02 17:22:52,-34.7333,135.8667,62.11,73,83,10.33
39,Tomatlan,MX,2022-02-02 17:22:52,19.9333,-105.25,80.82,27,0,2.68
40,East London,ZA,2022-02-02 17:22:52,-33.0153,27.9116,83.34,78,20,3.44
41,Vaini,TO,2022-02-02 17:22:52,-21.2,-175.2,73.56,100,40,1.14
42,Zabol,AF,2022-02-02 17:23:53,32.25,67.25,35.53,75,1,2.86
43,Poya,NC,2022-02-02 17:23:53,-21.35,165.15,74.73,86,68,2.55
44,Sao Filipe,CV,2022-02-02 17:23:33,14.8961,-24.4956,74.52,72,0,15.75
45,Luderitz,NA,2022-02-02 17:23:53,-26.6481,15.1594,68.07,79,13,6.02
46,Ribeira Grande,PT,2022-02-02 17:20:13,38.5167,-28.7,63.0,67,40,12.66
47,Saint-Philippe,RE,2022-02-02 17:23:53,-21.3585,55.7679,80.19,93,100,31.14
48,Barrow,US,2022-02-02 17:22:47,71.2906,-156.7887,-20.18,69,0,6.91
49,Dunedin,NZ,2022-02-02 17:23:54,-45.8742,170.5036,61.41,99,100,3.71
50,Dikson,RU,2022-02-02 17:23:54,73.5069,80.5464,-7.28,99,98,11.74
51,Skjervoy,NO,2022-02-02 17:23:54,70.0311,20.9714,26.78,69,53,18.68
52,Ilulissat,GL,2022-02-02 17:23:54,69.2167,-51.1,3.22,85,75,21.85
53,Alofi,NU,2022-02-02 17:23:55,-19.0595,-169.9187,73.29,88,88,12.66
54,Watsa,CD,2022-02-02 17:23:55,3.0372,29.5355,75.72,30,100,3.04
55,Sembakung,ID,2022-02-02 17:23:55,3.8167,117.25,72.55,98,98,1.34
56,Itoman,JP,2022-02-02 17:23:55,26.1247,127.6694,69.82,92,75,10.36
57,Vaitape,PF,2022-02-02 17:23:56,-16.5167,-151.75,80.56,76,19,19.69
58,Bambous Virieux,MU,2022-02-02 17:23:56,-20.3428,57.7575,81.21,94,75,34.52
59,Hofn,IS,2022-02-02 17:23:56,64.2539,-15.2082,26.62,80,40,5.75
60,Maceio,BR,2022-02-02 17:23:56,-9.6658,-35.7353,90.84,51,40,16.11
61,Provideniya,RU,2022-02-02 17:19:19,64.3833,-173.3,5.27,65,0,23.24
62,Mongu,ZM,2022-02-02 17:23:57,-15.2484,23.1274,75.36,69,99,3.53
63,Carnarvon,AU,2022-02-02 17:21:14,-24.8667,113.6333,80.67,74,85,5.75
64,College,US,2022-02-02 17:22:01,64.8569,-147.8028,-15.14,98,0,0.0
65,Bay City,US,2022-02-02 17:23:57,43.5945,-83.8889,28.89,92,100,5.01
66,Ostrovnoy,RU,2022-02-02 17:23:57,68.0531,39.5131,20.64,86,100,15.26
67,Straumen,NO,2022-02-02 17:23:58,63.8709,11.2999,23.0,89,100,4.9
68,Busselton,AU,2022-02-02 17:23:58,-33.65,115.3333,68.04,52,99,20.89
69,Jamestown,US,2022-02-02 17:22:30,42.097,-79.2353,42.39,48,20,12.66
70,Kungsbacka,SE,2022-02-02 17:23:58,57.4872,12.0761,29.17,87,40,3.53
71,Pangai,TO,2022-02-02 17:19:45,-19.8,-174.35,80.8,70,12,8.08
72,Dossor,KZ,2022-02-02 17:23:58,47.5272,52.9811,31.05,93,60,10.07
73,Airai,TL,2022-02-02 17:23:59,-8.9266,125.4092,60.49,88,72,2.15
74,Cidreira,BR,2022-02-02 17:23:59,-30.1811,-50.2056,79.52,72,2,14.09
75,Sorland,NO,2022-02-02 17:23:59,67.667,12.6934,28.26,56,100,15.41
76,Ambon,ID,2022-02-02 17:23:59,-3.6954,128.1814,78.94,89,20,2.3
77,Lavrentiya,RU,2022-02-02 17:20:18,65.5833,-171.0,-1.98,77,1,17.36
78,Okhotsk,RU,2022-02-02 17:24:00,59.3833,143.3,4.77,74,100,18.21
79,Palimbang,PH,2022-02-02 17:23:18,6.2106,124.1894,77.38,80,100,4.36
80,Hithadhoo,MV,2022-02-02 17:19:44,-0.6,73.0833,82.54,70,51,9.13
81,Trelew,AR,2022-02-02 17:19:22,-43.249,-65.3051,83.03,21,100,17.0
82,Chuy,UY,2022-02-02 17:24:00,-33.6971,-53.4616,84.2,47,1,10.78
83,Souillac,MU,2022-02-02 17:24:00,-20.5167,57.5167,81.36,94,75,34.52
84,Atyrau,KZ,2022-02-02 17:24:01,47.1167,51.8833,30.22,100,100,11.18
85,Petushki,RU,2022-02-02 17:25:01,55.9264,39.461,14.95,98,98,4.63
86,Swan Hill,AU,2022-02-02 17:25:01,-35.3378,143.5544,56.75,55,0,13.67
87,Maningrida,AU,2022-02-02 17:25:01,-12.0667,134.2667,78.12,87,99,7.65
88,Oparino,RU,2022-02-02 17:25:02,59.8518,48.2783,21.96,94,100,9.04
89,Adrar,MR,2022-02-02 17:25:02,20.5022,-10.0711,82.96,13,91,17.6
90,Nizhniy Kuranakh,RU,2022-02-02 17:25:02,58.8353,125.4869,-8.34,97,100,5.5
91,Zhanaozen,KZ,2022-02-02 17:25:02,43.3,52.8,40.42,80,21,8.93
92,Coruripe,BR,2022-02-02 17:25:03,-10.1256,-36.1756,86.95,55,10,14.72
93,Turka,UA,2022-02-02 17:25:03,49.1541,23.0297,30.79,94,100,6.02
94,Hasaki,JP,2022-02-02 17:22:59,35.7333,140.8333,27.0,37,2,2.91
95,Kristiansund,NO,2022-02-02 17:25:03,63.1115,7.732,32.65,86,75,21.85
96,Longyearbyen,SJ,2022-02-02 17:20:28,78.2186,15.6401,19.24,68,20,13.8
97,Yellowknife,CA,2022-02-02 17:25:03,62.456,-114.3525,-35.72,78,40,6.91
98,Larap,PH,2022-02-02 17:25:04,14.299,122.6504,75.42,89,99,11.41
99,Castro,BR,2022-02-02 17:25:04,-24.7911,-50.0119,77.76,63,75,4.56
100,Xuddur,SO,2022-02-02 17:25:04,4.1213,43.8894,85.64,31,75,15.39
101,Victoria,HK,2022-02-02 17:23:17,22.2855,114.1577,60.94,94,100,4.0
102,Tasiilaq,GL,2022-02-02 17:25:04,65.6145,-37.6368,15.96,77,100,9.19
103,Meulaboh,ID,2022-02-02 17:25:05,4.1363,96.1285,78.51,79,99,3.22
104,Thompson,CA,2022-02-02 17:25:05,55.7435,-97.8558,-20.04,63,0,10.36
105,Ossora,RU,2022-02-02 17:25:05,59.2353,163.0719,19.56,82,100,12.77
106,Makakilo City,US,2022-02-02 17:25:06,21.3469,-158.0858,71.92,82,0,6.91
107,Alberton,CA,2022-02-02 17:25:06,46.8168,-64.0654,24.71,89,97,17.63
108,Xingcheng,CN,2022-02-02 17:25:06,40.6167,120.7167,4.89,92,13,3.94
109,Upernavik,GL,2022-02-02 17:25:06,72.7868,-56.1549,-5.53,65,100,5.93
110,Iqaluit,CA,2022-02-02 17:25:07,63.7506,-68.5145,6.53,84,40,17.0
111,Clyde River,CA,2022-02-02 17:25:07,70.4692,-68.5914,-19.97,69,100,4.61
112,Mount Isa,AU,2022-02-02 17:25:07,-20.7333,139.5,80.37,74,100,5.75
113,Huarmey,PE,2022-02-02 17:25:07,-10.0681,-78.1522,76.82,69,91,12.82
114,Gornyy,RU,2022-02-02 17:25:08,55.1153,83.9059,3.85,100,96,4.36
115,Asosa,ET,2022-02-02 17:25:08,10.0667,34.5333,72.81,27,100,3.85
116,Yaan,NG,2022-02-02 17:25:08,7.3833,8.5667,93.72,11,1,2.33
117,Santa Fe,AR,2022-02-02 17:20:10,-31.6333,-60.7,101.01,28,54,5.99
118,Rio Grande,BR,2022-02-02 17:25:08,-32.035,-52.0986,87.91,62,1,13.2
119,Olafsvik,IS,2022-02-02 17:25:09,64.8945,-23.7142,31.78,56,64,12.19
120,Saint-Joseph,RE,2022-02-02 17:25:09,-21.3667,55.6167,79.18,90,100,31.23
121,Kavaratti,IN,2022-02-02 17:25:09,10.5669,72.642,80.65,70,5,12.08
122,Sept-Iles,CA,2022-02-02 17:25:09,50.2001,-66.3821,24.06,92,100,5.99
123,Tessalit,ML,2022-02-02 17:25:07,20.1986,1.0114,74.41,8,0,13.96
124,Pocatello,US,2022-02-02 17:25:10,42.8713,-112.4455,14.85,84,75,4.61
125,Cusuna,HN,2022-02-02 17:25:10,15.85,-85.2333,84.54,47,4,7.78
126,Rio Verde De Mato Grosso,BR,2022-02-02 17:25:10,-18.9181,-54.8442,80.85,77,100,9.84
127,Pevek,RU,2022-02-02 17:20:26,69.7008,170.3133,-9.06,79,10,3.4
128,Smithers,CA,2022-02-02 17:25:10,54.7804,-127.1743,8.92,85,100,12.66
129,Port Macquarie,AU,2022-02-02 17:25:11,-31.4333,152.9167,71.49,94,75,8.05
130,Vayalar,IN,2022-02-02 17:25:11,9.7,76.3333,78.78,81,34,6.8
131,Awjilah,LY,2022-02-02 17:26:11,29.1081,21.2869,56.7,43,39,12.82
132,Shingu,JP,2022-02-02 17:26:12,33.7333,135.9833,37.27,81,31,6.4
133,Abu Zabad,SD,2022-02-02 17:26:12,12.35,29.25,79.36,17,8,9.15
134,Saldanha,ZA,2022-02-02 17:26:12,-33.0117,17.9442,69.85,85,100,9.62
135,Darab,IR,2022-02-02 17:26:13,28.7519,54.5444,53.4,36,0,6.51
136,Aklavik,CA,2022-02-02 17:26:13,68.2191,-135.0107,-25.6,75,20,4.61
137,Emerald,AU,2022-02-02 17:22:39,-23.5333,148.1667,77.14,100,75,9.22
138,Salalah,OM,2022-02-02 17:25:19,17.0151,54.0924,77.09,44,0,2.3
139,Lompoc,US,2022-02-02 17:22:30,34.6391,-120.4579,61.12,36,0,6.91
140,Sitka,US,2022-02-02 17:26:13,57.0531,-135.33,33.69,86,100,4.61
141,Jumla,NP,2022-02-02 17:26:00,29.2747,82.1838,38.12,93,93,2.06
142,Tiksi,RU,2022-02-02 17:23:04,71.6872,128.8694,-7.1,100,100,6.35
143,Sao Gabriel Da Cachoeira,BR,2022-02-02 17:26:14,-0.1303,-67.0892,85.8,74,40,3.44
144,Fougeres,FR,2022-02-02 17:26:14,48.35,-1.2,48.06,88,46,3.83
145,Hilo,US,2022-02-02 17:24:09,19.7297,-155.09,67.24,79,75,6.91
146,San Cristobal,VE,2022-02-02 17:22:21,7.7669,-72.225,84.38,29,3,9.86
147,Lebu,CL,2022-02-02 17:26:14,-37.6167,-73.65,65.79,74,35,8.72
148,Salamiyah,SY,2022-02-02 17:26:14,35.0113,37.0532,53.76,49,100,14.67
149,Tarakan,ID,2022-02-02 17:26:15,3.3,117.6333,80.02,76,100,10.16
150,Nikolskoye,RU,2022-02-02 17:26:15,59.7035,30.7861,22.89,100,96,1.34
151,Half Moon Bay,US,2022-02-02 17:26:15,37.4636,-122.4286,57.18,36,0,5.99
152,Neryungri,RU,2022-02-02 17:26:15,56.6709,124.6491,-11.24,94,100,10.76
153,Warri,NG,2022-02-02 17:26:16,5.5167,5.75,87.64,44,0,11.97
154,Suez,EG,2022-02-02 17:26:16,29.9737,32.5263,60.55,52,99,3.98
155,Ilhabela,BR,2022-02-02 17:26:16,-23.7781,-45.3581,79.74,80,96,4.07
156,Beni,CD,2022-02-02 17:26:17,0.5,29.4667,72.12,57,98,3.24
157,Amga,RU,2022-02-02 17:26:17,60.8953,131.9608,-28.68,100,90,1.01
158,Inhambane,MZ,2022-02-02 17:26:17,-23.865,35.3833,82.38,78,20,9.22
159,Fairbanks,US,2022-02-02 17:26:16,64.8378,-147.7164,-34.64,98,0,0.0
160,Hashtrud,IR,2022-02-02 17:26:17,37.4779,47.0508,7.32,82,1,2.37
161,Los Llanos De Aridane,ES,2022-02-02 17:26:18,28.6585,-17.9182,67.75,93,0,1.99
162,Alice Springs,AU,2022-02-02 17:26:18,-23.7,133.8833,65.75,94,100,9.22
163,Tuktoyaktuk,CA,2022-02-02 17:21:36,69.4541,-133.0374,-25.6,68,20,10.36
164,Severo-Kurilsk,RU,2022-02-02 17:26:18,50.6789,156.125,26.85,88,96,7.2
165,Chudovo,RU,2022-02-02 17:26:18,59.1167,31.6833,12.6,99,98,1.5
166,Ingham,US,2022-02-02 17:26:19,42.6,-84.3833,32.67,93,100,6.91
167,Georgetown,MY,2022-02-02 17:26:19,5.4112,100.3354,82.33,86,20,2.3
168,Mahebourg,MU,2022-02-02 17:26:19,-20.4081,57.7,81.25,94,75,34.52
169,Mana,GF,2022-02-02 17:26:19,5.6592,-53.7767,82.15,69,53,10.78
170,Nome,US,2022-02-02 17:26:20,64.5011,-165.4064,12.27,58,0,27.63
171,Santa Rosa,PH,2022-02-02 17:26:20,14.3122,121.1114,79.09,78,97,9.98
172,Dafeng,CN,2022-02-02 17:26:20,23.4517,108.5881,45.09,87,100,7.02
173,Antsohihy,MG,2022-02-02 17:26:20,-14.8796,47.9875,77.47,84,100,5.59
174,Waingapu,ID,2022-02-02 17:26:21,-9.6567,120.2641,78.53,84,39,8.66
175,Caravelas,BR,2022-02-02 17:26:21,-17.7125,-39.2481,83.66,64,84,8.25
176,Nikita,UA,2022-02-02 17:26:21,44.5333,34.2333,36.73,99,100,5.66
177,Port Hueneme,US,2022-02-02 17:27:21,34.1478,-119.1951,61.54,22,0,20.71
178,Fortuna,US,2022-02-02 17:27:22,40.5982,-124.1573,47.93,69,0,9.22
179,Sobolevo,RU,2022-02-02 17:27:22,54.4299,31.8996,24.93,95,100,9.44
180,Midyat,TR,2022-02-02 17:27:22,37.4247,41.3393,38.48,76,57,2.75
181,Sur,OM,2022-02-02 17:27:23,22.5667,59.5289,73.8,57,0,17.85
182,Nisia Floresta,BR,2022-02-02 17:27:23,-6.0911,-35.2086,88.61,51,58,12.8
183,Sechura,PE,2022-02-02 17:27:23,-5.5569,-80.8222,82.71,50,2,11.68
184,Brae,GB,2022-02-02 17:27:23,60.3964,-1.353,44.51,90,100,8.1
185,Platanos,GR,2022-02-02 17:27:23,37.6667,21.6167,51.08,90,95,0.51
186,Ahipara,NZ,2022-02-02 17:27:24,-35.1667,173.1667,66.51,92,100,9.98
187,Ust-Maya,RU,2022-02-02 17:27:24,60.4167,134.5333,-33.38,100,100,1.41
188,Pannonhalma,HU,2022-02-02 17:27:24,47.5495,17.7554,43.39,70,0,21.85
189,Keti Bandar,PK,2022-02-02 17:27:24,24.1447,67.4497,76.05,51,1,21.5
190,Talnakh,RU,2022-02-02 17:27:25,69.4865,88.3972,-0.8,98,96,6.49
191,Maragogi,BR,2022-02-02 17:27:25,-9.0122,-35.2225,84.97,61,27,9.73
192,Norman Wells,CA,2022-02-02 17:25:27,65.282,-126.8329,-34.56,61,75,2.3
193,Port Blair,IN,2022-02-02 17:27:25,11.6667,92.75,78.84,78,20,3.44
194,Segou,ML,2022-02-02 17:27:25,13.4317,-6.2157,88.84,7,3,13.42
195,Tabuk,PH,2022-02-02 17:27:26,17.4189,121.4443,66.96,86,14,3.85
196,Waitati,NZ,2022-02-02 17:27:26,-45.75,170.5667,62.8,99,100,5.26
197,Tucuman,AR,2022-02-02 17:27:26,-26.8241,-65.2226,89.6,51,0,5.75
198,Teguldet,RU,2022-02-02 17:27:26,57.3064,88.1667,10.92,98,97,3.56
199,Bastia,FR,2022-02-02 17:27:27,42.6667,9.3333,55.29,69,0,1.9
200,Khatanga,RU,2022-02-02 17:25:38,71.9667,102.5,-38.51,98,50,1.52
201,Semnan,IR,2022-02-02 17:27:27,35.5729,53.3971,37.24,87,0,0.0
202,Caucaia,BR,2022-02-02 17:27:27,-3.7361,-38.6531,87.75,72,40,14.97
203,Zhob,PK,2022-02-02 17:27:27,31.3411,69.4481,47.91,52,59,14.88
204,Aborlan,PH,2022-02-02 17:27:28,9.4352,118.5492,77.25,90,56,7.99
205,Rawson,AR,2022-02-02 17:27:28,-43.3002,-65.1023,79.05,29,99,13.35
206,Katsuura,JP,2022-02-02 17:27:28,35.1333,140.3,37.51,56,68,3.53
207,Ventspils,LV,2022-02-02 17:27:28,57.3894,21.5606,26.53,86,0,2.3
208,Acapulco,MX,2022-02-02 17:27:29,16.8634,-99.8901,82.22,61,75,5.75
209,Barcelos,PT,2022-02-02 17:25:13,41.5388,-8.6151,61.84,75,3,3.44
210,Banda Aceh,ID,2022-02-02 17:27:29,5.5577,95.3222,78.19,84,49,7.56
211,Port Hedland,AU,2022-02-02 17:27:29,-20.3167,118.5667,78.85,94,100,5.75
212,Bethel,US,2022-02-02 17:27:29,41.3712,-73.414,44.55,84,100,5.75
213,Guerrero Negro,MX,2022-02-02 17:27:30,27.9769,-114.0611,59.97,64,89,11.52
214,Tiruchchendur,IN,2022-02-02 17:27:30,8.4833,78.1167,78.22,67,5,11.99
215,Shimoda,JP,2022-02-02 17:27:30,34.6667,138.95,39.11,63,1,21.05
216,Puerto Madryn,AR,2022-02-02 17:25:45,-42.7692,-65.0385,79.75,26,55,18.77
217,Linxia,CN,2022-02-02 17:27:30,35.6003,103.2064,13.75,83,16,3.49
218,Walvis Bay,NA,2022-02-02 17:27:31,-22.9575,14.5053,74.35,56,0,13.8
219,Bafoulabe,ML,2022-02-02 17:27:31,13.8065,-10.8321,96.35,5,3,11.65
220,Kuvshinovo,RU,2022-02-02 17:27:31,57.0295,34.1725,21.76,97,100,2.77
221,Kaeo,NZ,2022-02-02 17:27:31,-35.1,173.7833,70.32,91,100,8.16
222,Hukuntsi,BW,2022-02-02 17:27:32,-24.0,21.75,80.76,52,78,10.22
223,Huaicheng,CN,2022-02-02 17:28:32,23.9051,112.1931,44.33,93,100,2.51
224,San Patricio,US,2022-02-02 17:28:32,28.017,-97.5169,77.09,71,82,12.75
225,Faanui,PF,2022-02-02 17:28:32,-16.4833,-151.75,80.56,76,21,19.62
226,Hambantota,LK,2022-02-02 17:28:33,6.1241,81.1185,74.88,79,2,11.99
227,Hingoli,IN,2022-02-02 17:28:33,19.7167,77.15,73.69,24,19,0.67
228,Megion,RU,2022-02-02 17:28:33,61.0296,76.1136,17.62,93,93,9.73
229,Kuusalu,EE,2022-02-02 17:28:33,59.4439,25.4414,24.58,96,86,2.48
230,Catuday,PH,2022-02-02 17:28:34,16.2923,119.8062,75.83,73,7,11.12
231,Waddan,LY,2022-02-02 17:28:34,29.1614,16.139,51.71,56,81,20.85
232,Kankon,IN,2022-02-02 17:28:34,15.0167,74.0167,76.8,80,5,7.34
233,Mar Del Plata,AR,2022-02-02 17:28:34,-38.0023,-57.5575,87.82,50,0,11.99
234,Rach Gia,VN,2022-02-02 17:28:35,10.0167,105.0833,76.95,81,3,10.25
235,Narsaq,GL,2022-02-02 17:27:33,60.9167,-46.05,7.02,66,0,5.68
236,La Hulpe,BE,2022-02-02 17:28:35,50.7309,4.4858,49.24,93,75,4.0
237,Bar Harbor,US,2022-02-02 17:28:35,44.3876,-68.2039,41.27,82,100,7.0
238,Akyab,MM,2022-02-02 17:28:35,20.15,92.9,67.77,71,2,6.6
239,Cherskiy,RU,2022-02-02 17:28:36,68.75,161.3,-8.55,64,36,2.01
240,Belmonte,BR,2022-02-02 17:28:36,-15.8631,-38.8828,84.7,64,84,9.93
241,Haines Junction,CA,2022-02-02 17:28:36,60.7522,-137.5108,-7.65,84,100,3.44
242,Mancio Lima,BR,2022-02-02 17:28:37,-7.6142,-72.8958,84.27,74,100,9.22
243,Primorsko,BG,2022-02-02 17:28:37,42.2667,27.7667,34.27,100,100,5.23
244,Kodiak,US,2022-02-02 17:28:37,57.79,-152.4072,35.11,93,100,4.61
245,Thinadhoo,MV,2022-02-02 17:28:37,0.5333,72.9333,83.05,71,3,7.74
246,Kragero,NO,2022-02-02 17:28:37,58.8693,9.4149,27.59,70,31,10.92
247,Payo,ID,2022-02-02 17:28:38,-3.7508,103.6372,73.51,97,98,2.13
248,Trincomalee,LK,2022-02-02 17:28:38,8.5711,81.2335,78.03,68,5,10.33
249,Marfino,RU,2022-02-02 17:28:38,55.7028,37.3822,26.94,85,20,6.71
250,Ponta Do Sol,PT,2022-02-02 17:28:38,32.6667,-17.1,68.0,81,100,5.97
251,Bud,US,2022-02-02 17:28:39,39.447,-86.1758,44.69,97,100,9.15
252,Labuhan,ID,2022-02-02 17:28:39,-6.8844,112.2051,78.53,85,45,8.66
253,Brownwood,US,2022-02-02 17:28:39,31.7093,-98.9912,42.57,77,100,14.97
254,Manggar,ID,2022-02-02 17:28:39,-2.8833,108.2667,78.84,81,86,5.44
255,Dingle,PH,2022-02-02 17:28:40,10.9995,122.6711,73.38,95,98,7.65
256,Raudeberg,NO,2022-02-02 17:28:40,61.9875,5.1352,34.47,87,100,1.99
257,Mumford,GH,2022-02-02 17:28:40,5.2618,-0.759,82.71,71,30,12.53
258,Port Elizabeth,ZA,2022-02-02 17:27:27,-33.918,25.5701,75.09,100,40,18.41
259,Kahului,US,2022-02-02 17:27:36,20.8947,-156.47,67.68,78,0,5.75
260,Rabaul,PG,2022-02-02 17:28:40,-4.1967,152.1721,79.39,78,99,11.07
261,Perth,AU,2022-02-02 17:27:55,-31.9333,115.8333,82.09,29,0,25.32
262,Oranjemund,NA,2022-02-02 17:28:41,-28.55,16.4333,68.43,84,69,9.26
263,Santa Cruz,BO,2022-02-02 17:28:41,-17.8,-63.1667,91.45,55,40,11.5
264,Saskylakh,RU,2022-02-02 17:28:41,71.9167,114.0833,-28.88,100,33,2.89
265,Eureka,US,2022-02-02 17:28:41,40.8021,-124.1637,48.2,72,8,1.99
266,Kutno,PL,2022-02-02 17:28:42,52.2306,19.3641,36.41,89,94,13.71
267,Kinsale,IE,2022-02-02 17:28:42,51.7075,-8.5306,49.37,81,75,8.05
268,Hoi An,VN,2022-02-02 17:28:42,15.8794,108.335,71.56,88,35,6.98
269,Fenoarivo Atsinanana,MG,2022-02-02 17:29:42,-17.3667,49.4167,78.48,79,97,12.15
270,Agua Verde,MX,2022-02-02 17:29:43,22.9,-106.05,74.12,46,0,4.68
271,Kieta,PG,2022-02-02 17:29:43,-6.2167,155.6333,79.48,85,100,15.03
272,Fraga,ES,2022-02-02 17:29:43,41.5229,0.3489,60.53,52,0,5.37
273,Nishihara,JP,2022-02-02 17:29:43,26.1842,127.7558,69.08,94,75,3.44
274,Portland,US,2022-02-02 17:27:19,45.5234,-122.6762,42.84,96,100,1.01
275,Tamale,GH,2022-02-02 17:29:44,9.4008,-0.8393,93.56,6,51,4.68
276,Wakkanai,JP,2022-02-02 17:29:44,45.4094,141.6739,24.57,68,100,12.26
277,Hokitika,NZ,2022-02-02 17:29:44,-42.7167,170.9667,66.56,99,100,17.18
278,Tiznit,MA,2022-02-02 17:29:44,29.5833,-9.5,77.74,18,62,2.24
279,Tran,BG,2022-02-02 17:29:45,42.8353,22.6517,31.68,96,99,5.01
280,Lagos,NG,2022-02-02 17:26:18,6.5833,3.75,88.12,42,1,8.5
281,Porto Novo,BJ,2022-02-02 17:29:45,6.4965,2.6036,85.82,46,8,10.29
282,Bousse,BF,2022-02-02 17:29:45,12.6606,-1.8922,86.9,6,3,13.02
283,Wajima,JP,2022-02-02 17:29:45,37.4,136.9,38.34,78,99,11.16
284,Leningradskiy,RU,2022-02-02 17:29:46,69.3833,178.4167,-12.84,96,35,10.85
285,Cayenne,GF,2022-02-02 17:29:46,4.9333,-52.3333,82.09,83,75,8.01
286,Kitami,JP,2022-02-02 17:29:46,43.8031,143.8908,8.2,94,79,4.99
287,Nanortalik,GL,2022-02-02 17:29:46,60.1432,-45.2371,6.49,76,6,15.39
288,Marzuq,YE,2022-02-02 17:29:47,14.4,46.4667,70.23,47,52,2.51
289,Zyryanka,RU,2022-02-02 17:29:47,65.75,150.85,-25.83,100,25,1.34
290,Nevel,RU,2022-02-02 17:29:47,56.0209,29.9284,24.15,97,100,2.55
291,Calabozo,VE,2022-02-02 17:29:47,8.9242,-67.4293,94.1,34,29,9.13
292,Lindi,TZ,2022-02-02 17:29:48,-10.0,39.7167,77.16,91,38,4.25
293,High Level,CA,2022-02-02 17:25:26,58.5169,-117.136,-30.89,68,40,2.3
294,Nicoya,CR,2022-02-02 17:29:48,10.1483,-85.452,89.15,33,2,3.31
295,Pringsewu,ID,2022-02-02 17:29:48,-5.3582,104.9744,74.17,91,99,2.13
296,Sinnamary,GF,2022-02-02 17:29:48,5.3833,-52.95,80.35,81,47,12.15
297,Ormond Beach,US,2022-02-02 17:29:49,29.2858,-81.0559,78.94,63,0,11.5
298,Zwiesel,DE,2022-02-02 17:29:49,49.0167,13.2333,37.62,84,100,3.0
299,Tanabe,JP,2022-02-02 17:29:49,33.7333,135.3667,41.65,75,63,10.78
300,Tayu,ID,2022-02-02 17:29:49,-6.5397,111.0518,77.34,88,50,7.58
301,Morro Bay,US,2022-02-02 17:29:50,35.3658,-120.8499,56.77,38,0,7.0
302,Alghero,IT,2022-02-02 17:29:50,40.5589,8.3181,55.49,76,40,2.3
303,Kjollefjord,NO,2022-02-02 17:29:50,70.9457,27.3465,23.05,92,40,9.22
304,Pokhara,NP,2022-02-02 17:29:50,28.2333,83.9833,51.53,76,95,0.34
305,Guararema,BR,2022-02-02 17:29:51,-23.415,-46.035,78.62,88,97,3.98
306,Marsa Matruh,EG,2022-02-02 17:26:28,31.3525,27.2453,59.2,41,0,8.05
307,Jiexiu,CN,2022-02-02 17:29:51,37.0244,111.9125,24.22,54,0,3.74
308,Chiapilla,MX,2022-02-02 17:29:51,16.5167,-92.7333,80.4,42,0,4.47
309,Rimbey,CA,2022-02-02 17:29:51,52.6334,-114.2353,-10.28,94,60,13.33
310,Jardim,BR,2022-02-02 17:29:52,-21.4803,-56.1381,86.7,54,100,2.86
311,Leh,IN,2022-02-02 17:29:52,34.1667,77.5833,4.71,97,100,1.77
312,Hare Bay,CA,2022-02-02 17:29:52,48.8499,-54.0148,26.2,57,30,7.9
313,Machali,CL,2022-02-02 17:29:52,-34.1833,-70.6667,78.08,38,0,6.69
314,Roebourne,AU,2022-02-02 17:29:53,-20.7833,117.1333,82.87,73,100,11.59
315,Cabo San Lucas,MX,2022-02-02 17:29:05,22.8909,-109.9124,76.6,40,75,12.66
316,Riyadh,SA,2022-02-02 17:27:41,24.6877,46.7219,59.14,30,0,8.66
317,Le Robert,MQ,2022-02-02 17:30:04,14.6775,-60.9392,86.85,26,40,16.11
318,Hualmay,PE,2022-02-02 17:30:53,-11.0964,-77.6139,76.37,68,4,12.93
319,Berlevag,NO,2022-02-02 17:30:53,70.8578,29.0864,19.35,86,75,9.22
320,Luena,AO,2022-02-02 17:30:53,-11.7833,19.9167,68.56,76,75,1.48
321,Ancud,CL,2022-02-02 17:30:54,-41.8697,-73.8203,74.43,70,96,7.27
322,Bilma,NE,2022-02-02 17:30:54,18.6853,12.9164,65.84,15,0,7.85
323,Foz,ES,2022-02-02 17:30:54,43.5692,-7.2544,60.64,90,32,2.15
324,Touros,BR,2022-02-02 17:30:01,-5.1989,-35.4608,88.7,60,79,12.57
325,Nkowakowa,ZA,2022-02-02 17:30:55,-23.8878,30.2871,78.85,49,1,2.21
326,Ntungamo,UG,2022-02-02 17:30:55,-0.8833,29.65,72.03,62,100,3.09
327,Challakere,IN,2022-02-02 17:30:55,14.3167,76.65,75.61,41,8,1.54
328,Rocha,UY,2022-02-02 17:30:55,-34.4833,-54.3333,88.83,31,0,7.36
329,Vanavara,RU,2022-02-02 17:30:56,60.34,102.2797,-12.93,100,89,2.95
330,Bambanglipuro,ID,2022-02-02 17:30:56,-7.95,110.2833,62.6,85,88,2.86
331,Maroua,CM,2022-02-02 17:30:56,10.591,14.3159,79.3,19,17,7.99
332,Hamilton,US,2022-02-02 17:27:18,39.1834,-84.5333,44.98,93,100,1.01
333,Kulachi,PK,2022-02-02 17:30:56,31.9286,70.4592,59.79,45,80,16.64
334,Kruisfontein,ZA,2022-02-02 17:28:48,-34.0033,24.7314,72.88,91,100,5.23
335,North Platte,US,2022-02-02 17:30:57,41.1239,-100.7654,10.29,40,100,11.5
336,Seydi,TM,2022-02-02 17:30:57,39.4816,62.9137,45.01,53,0,5.5
337,Gazli,UZ,2022-02-02 17:30:57,40.1333,63.45,42.3,58,0,5.1
338,Gambela,ET,2022-02-02 17:30:57,8.25,34.5833,87.85,25,100,2.75
339,Mercedes,AR,2022-02-02 17:30:58,-34.6515,-59.4307,94.78,26,15,7.65
340,Santa Luzia,BR,2022-02-02 17:30:58,-19.7697,-43.8514,78.94,92,75,4.61
341,Kismayo,SO,2022-02-02 17:30:58,-0.3582,42.5454,79.59,85,100,14.34
342,Cap Malheureux,MU,2022-02-02 17:30:58,-19.9842,57.6142,81.46,78,100,21.0
343,Ust-Omchug,RU,2022-02-02 17:30:59,61.15,149.6333,-14.42,99,67,4.23
344,Puerto Escondido,MX,2022-02-02 17:30:59,15.85,-97.0667,85.03,74,0,4.61
345,Oussouye,SN,2022-02-02 17:30:59,12.485,-16.5469,96.98,56,34,14.12
346,Arman,RU,2022-02-02 17:26:00,59.7,150.1667,4.75,82,90,11.45
347,Umm Kaddadah,SD,2022-02-02 17:30:59,13.6017,26.6876,73.76,18,16,4.27
348,Newark,US,2022-02-02 17:31:00,40.7357,-74.1724,45.14,74,75,0.0
349,Kangaatsiaq,GL,2022-02-02 17:31:00,68.3065,-53.4641,-6.65,92,98,13.85
350,Bereda,ES,2022-02-02 17:31:00,43.2686,-7.5406,57.0,72,35,0.51
351,Olopa,GT,2022-02-02 17:31:00,14.6833,-89.35,78.28,50,20,0.0
352,Kiunga,PG,2022-02-02 17:31:01,-6.1219,141.2906,71.44,92,99,0.72
353,Umm Lajj,SA,2022-02-02 17:31:01,25.0213,37.2685,70.39,45,0,2.73
354,Fatehabad,IN,2022-02-02 17:31:01,29.5167,75.45,59.7,49,95,13.15
355,Geraldton,AU,2022-02-02 17:27:39,-28.7667,114.6,90.01,18,53,18.41
356,Komsomolskiy,UZ,2022-02-02 17:31:01,40.4272,71.7189,35.02,75,100,2.3
357,Okmulgee,US,2022-02-02 17:31:02,35.6234,-95.9605,28.78,86,100,21.85
358,Scarborough,GB,2022-02-02 17:31:02,54.2797,-0.4044,51.53,86,100,4.0
359,Sile,TR,2022-02-02 17:31:02,41.1754,29.6133,59.29,76,100,4.0
360,Codrington,AU,2022-02-02 17:31:03,-38.2667,141.9667,59.49,55,99,14.12
361,Lodja,CD,2022-02-02 17:31:03,-3.4833,23.4333,71.87,91,98,2.19
362,Mandalgovi,MN,2022-02-02 17:32:03,45.7625,106.2708,0.68,74,0,10.09
363,Kavieng,PG,2022-02-02 17:32:04,-2.5744,150.7967,78.67,86,100,14.07
364,Sioux Lookout,CA,2022-02-02 17:32:04,50.1001,-91.917,-12.62,64,40,10.36
365,Mattru,SL,2022-02-02 17:32:04,7.6244,-11.8332,89.08,40,12,6.89
366,Hami,CN,2022-02-02 17:32:05,42.8,93.45,22.32,31,33,1.25
367,Marsh Harbour,BS,2022-02-02 17:32:05,26.5412,-77.0636,72.21,54,27,17.2
368,Chicama,PE,2022-02-02 17:32:05,-7.8447,-79.1469,68.54,53,6,13.29
369,Wilmington Island,US,2022-02-02 17:32:06,32.0036,-80.9737,68.99,68,100,11.5
370,Veraval,IN,2022-02-02 17:31:23,20.9,70.3667,71.2,80,17,10.74
371,Lewisporte,CA,2022-02-02 17:30:12,49.2499,-55.0482,26.31,55,47,10.71
372,Dobele,LV,2022-02-02 17:32:06,56.625,23.2786,27.95,97,44,6.15
373,Srednekolymsk,RU,2022-02-02 17:32:06,67.45,153.6833,-19.3,95,93,3.74
374,Saint-Francois,FR,2022-02-02 17:32:07,46.4154,3.9054,46.67,86,100,4.61
375,Aswan,EG,2022-02-02 17:32:07,24.0934,32.907,67.3,34,0,9.22
376,Ivybridge,GB,2022-02-02 17:32:07,50.3904,-3.9191,51.4,85,98,9.04
377,Sire,NG,2022-02-02 17:32:08,12.9299,5.2043,73.9,8,18,8.12
378,Cartagena,CO,2022-02-02 17:32:08,10.3997,-75.5144,89.22,62,20,9.22
379,Russkaya Polyana,UA,2022-02-02 17:32:09,49.417,31.9201,30.15,89,100,6.38
380,Yulara,AU,2022-02-02 17:32:09,-25.2406,130.9889,66.04,72,100,10.36
381,Grindavik,IS,2022-02-02 17:32:09,63.8424,-22.4338,30.15,63,40,11.5
382,Menongue,AO,2022-02-02 17:32:10,-14.6585,17.691,74.3,43,25,3.74
383,Namibe,AO,2022-02-02 17:32:10,-15.1961,12.1522,74.41,68,96,11.88
384,Pecos,US,2022-02-02 17:32:10,31.4229,-103.4932,42.89,45,40,5.75
385,Brigham City,US,2022-02-02 17:32:10,41.5102,-112.0155,27.36,67,0,5.01
386,Unai,BR,2022-02-02 17:32:11,-16.3575,-46.9061,84.65,59,85,3.58
387,Namatanai,PG,2022-02-02 17:32:11,-3.6667,152.4333,77.94,83,100,5.32
388,Richards Bay,ZA,2022-02-02 17:32:11,-28.783,32.0377,78.39,79,29,15.32
389,Nsanje,MW,2022-02-02 17:32:11,-16.92,35.262,77.54,80,11,2.1
390,Sarangani,PH,2022-02-02 17:32:12,5.4033,125.4636,81.14,72,100,25.84
391,Puteyets,RU,2022-02-02 17:32:12,65.1716,57.091,16.38,95,100,8.46
392,Cannington,AU,2022-02-02 17:32:12,-32.0167,115.95,82.2,28,0,8.99
393,Hailey,US,2022-02-02 17:32:13,43.5196,-114.3153,8.46,56,0,11.5
394,Weihai,CN,2022-02-02 17:32:13,37.5017,122.1136,31.24,52,48,8.95
395,Torbay,CA,2022-02-02 17:32:13,47.6666,-52.7314,29.75,79,75,9.22
396,Xai-Xai,MZ,2022-02-02 17:32:14,-25.0519,33.6442,78.21,77,24,13.22
397,Tuxtla Gutierrez,MX,2022-02-02 17:31:17,16.75,-93.1167,79.61,37,0,6.29
398,Tonantins,BR,2022-02-02 17:32:14,-2.8731,-67.8022,82.44,84,94,3.78
399,Glomfjord,NO,2022-02-02 17:32:14,66.8167,13.9667,23.27,73,98,10.63
400,Sumkino,RU,2022-02-02 17:32:14,58.1108,68.3244,23.11,93,100,10.45
401,Nuuk,GL,2022-02-02 17:27:29,64.1835,-51.7216,9.21,52,75,11.5
402,Jilib,SO,2022-02-02 17:32:15,0.4883,42.7854,78.42,83,100,10.09
403,Waipawa,NZ,2022-02-02 17:32:15,-41.4122,175.5153,66.83,71,100,11.68
404,Teya,RU,2022-02-02 17:32:15,60.3778,92.6267,12.63,96,100,4.54
405,Shu,KZ,2022-02-02 17:32:16,43.5983,73.7614,34.39,56,100,3.67
406,Starkville,US,2022-02-02 17:32:16,33.4504,-88.8184,54.84,94,100,8.86
407,Bjerkvik,NO,2022-02-02 17:32:16,68.5597,17.5189,19.22,79,94,9.75
408,Alyangula,AU,2022-02-02 17:32:16,-13.8483,136.4192,80.47,89,100,9.22
409,Buchanan,LR,2022-02-02 17:32:17,5.8808,-10.0467,85.96,70,24,10.8
410,Tura,IN,2022-02-02 17:32:22,25.5198,90.2201,56.25,61,2,4.21
411,Conde,BR,2022-02-02 17:30:32,-7.2597,-34.9075,87.26,58,20,13.8
412,Sao Joao Da Barra,BR,2022-02-02 17:33:17,-21.6403,-41.0511,84.29,88,100,4.81
413,Deputatskiy,RU,2022-02-02 17:29:56,69.3,139.9,-18.85,95,92,5.79
414,Male,MV,2022-02-02 17:33:17,4.1748,73.5089,84.15,79,75,12.66
415,Northam,GB,2022-02-02 17:32:28,51.0333,-4.2167,51.42,92,86,7.99
416,Mount Gambier,AU,2022-02-02 17:31:49,-37.8333,140.7667,55.31,76,100,8.05
417,Storforshei,NO,2022-02-02 17:33:18,66.4043,14.5233,13.78,67,40,6.91
418,Udachnyy,RU,2022-02-02 17:33:18,66.4167,112.4,-32.03,100,68,2.55
419,Soe,ID,2022-02-02 17:33:18,-9.8607,124.284,66.38,86,74,3.76
420,Naryan-Mar,RU,2022-02-02 17:33:18,67.6713,53.087,8.69,96,100,9.22
421,Vila Franca Do Campo,PT,2022-02-02 17:33:19,37.7167,-25.4333,64.2,74,20,11.03
422,Nacala,MZ,2022-02-02 17:33:19,-14.5428,40.6728,77.13,87,28,4.0
423,Skibbereen,IE,2022-02-02 17:33:19,51.55,-9.2667,49.8,87,100,9.06
424,Mayo,US,2022-02-02 17:33:19,38.8876,-76.5119,47.95,75,0,4.0
425,La Palma,US,2022-02-02 17:33:20,33.8464,-118.0467,62.76,44,0,1.01
426,Lutz,US,2022-02-02 17:29:33,28.1511,-82.4615,79.23,56,0,11.01
427,Huntington,US,2022-02-02 17:29:07,38.4193,-82.4452,47.41,61,100,8.99
428,Pitimbu,BR,2022-02-02 17:33:20,-7.4706,-34.8086,88.39,64,95,11.59
429,Manzanillo,CU,2022-02-02 17:33:20,20.3433,-77.1167,87.51,43,14,8.25
430,Tarare,FR,2022-02-02 17:33:20,45.8976,4.4327,47.73,87,99,3.0
431,Pontes E Lacerda,BR,2022-02-02 17:33:21,-15.2261,-59.3353,84.92,65,95,3.98
432,Vila,PT,2022-02-02 17:33:21,42.0304,-8.1588,53.74,56,5,3.15
433,Altagracia De Orituco,VE,2022-02-02 17:33:21,9.8601,-66.3814,89.73,38,33,5.93
434,Granadilla De Abona,ES,2022-02-02 17:33:21,28.1188,-16.576,69.1,68,75,10.36
435,Zhangye,CN,2022-02-02 17:33:22,38.9342,100.4517,22.86,36,69,1.19
436,General Pico,AR,2022-02-02 17:30:09,-35.6566,-63.7568,86.67,42,100,4.9
437,Sabzevar,IR,2022-02-02 17:33:22,36.2126,57.6819,41.77,48,0,0.67
438,Koster,ZA,2022-02-02 17:33:22,-25.863,26.8976,74.05,44,20,6.02
439,Ferrol,ES,2022-02-02 17:33:22,43.4832,-8.2369,64.65,72,26,2.15
440,Inuvik,CA,2022-02-02 17:33:23,68.3499,-133.7218,-24.59,71,40,3.44
441,Aykhal,RU,2022-02-02 17:33:23,66.0,111.5,-20.69,100,6,3.02
442,San Felipe,VE,2022-02-02 17:29:52,10.3399,-68.7425,82.92,63,50,6.49
443,Klaksvik,FO,2022-02-02 17:33:23,62.2266,-6.589,40.12,70,100,13.22
444,Port Moresby,PG,2022-02-02 17:33:23,-9.4431,147.1797,72.82,94,75,4.61
445,Bernburg,DE,2022-02-02 17:33:24,51.8,11.7333,42.75,76,50,14.54
446,Faya,SA,2022-02-02 17:33:24,18.3851,42.4509,60.91,71,38,3.65
447,Mao,ES,2022-02-02 17:33:24,39.8885,4.2658,54.16,82,0,3.44
448,Tonaya,MX,2022-02-02 17:33:25,19.7833,-103.9667,72.03,20,0,1.66
449,Anadyr,RU,2022-02-02 17:33:25,64.75,177.4833,4.93,63,0,15.23
450,Grand Gaube,MU,2022-02-02 17:33:25,-20.0064,57.6608,81.37,78,100,21.0
451,Avera,US,2022-02-02 17:33:25,33.194,-82.5271,62.94,70,100,9.31
452,Saint Anthony,US,2022-02-02 17:30:11,45.0205,-93.218,5.41,64,0,5.99
453,Puerto Leguizamo,CO,2022-02-02 17:33:26,-0.1934,-74.7819,93.9,33,31,3.69
454,Tabou,CI,2022-02-02 17:33:26,4.423,-7.3528,81.95,73,78,9.51
455,Dawei,MM,2022-02-02 17:33:26,14.0833,98.2,70.02,86,4,3.96
456,Oneonta,US,2022-02-02 17:33:26,42.4529,-75.0638,45.1,69,92,11.95
457,Passagem Franca,BR,2022-02-02 17:33:27,-6.1797,-43.7836,89.1,49,39,4.21
458,Nipawin,CA,2022-02-02 17:29:50,53.3668,-104.0009,-21.96,69,0,9.22
459,Diego De Almagro,CL,2022-02-02 17:31:11,-26.3667,-70.05,83.43,15,0,15.39
460,Qandala,SO,2022-02-02 17:34:27,11.472,49.8728,75.22,67,7,7.2
461,Sabha,LY,2022-02-02 17:34:27,27.0377,14.4283,50.54,31,19,10.47
462,Lasa,IT,2022-02-02 17:34:28,46.6166,10.7002,42.71,95,100,8.12
463,Saint-Pierre,RE,2022-02-02 17:34:28,-21.3393,55.4781,80.28,89,100,39.12
464,Viedma,AR,2022-02-02 17:34:28,-40.8135,-62.9967,84.63,31,96,17.02
465,Petatlan,MX,2022-02-02 17:34:28,17.5167,-101.2667,85.8,42,0,6.96
466,Tepusteca,HN,2022-02-02 17:34:29,15.4167,-86.3167,74.48,38,2,0.96
467,Radviliskis,LT,2022-02-02 17:34:29,55.8167,23.5333,24.85,86,75,8.05
468,Tilichiki,RU,2022-02-02 17:34:29,60.4667,166.1,5.11,88,100,12.19
469,Taltal,CL,2022-02-02 17:34:29,-25.4,-70.4833,71.83,67,5,10.0
470,Usinsk,RU,2022-02-02 17:34:30,65.9939,57.5281,15.48,96,100,9.4
471,Vardo,NO,2022-02-02 17:34:30,70.3705,31.1107,44.8,74,75,16.11
472,Husavik,IS,2022-02-02 17:29:50,66.0449,-17.3389,24.71,89,100,6.89
473,The Valley,AI,2022-02-02 17:34:30,18.217,-63.0578,84.06,74,40,12.66
474,Chernyshevskiy,RU,2022-02-02 17:34:30,63.0128,112.4714,-33.18,100,7,2.57
475,Fria,GN,2022-02-02 17:34:31,10.4167,-13.5833,85.23,17,94,4.56
476,Galle,LK,2022-02-02 17:30:24,6.0367,80.217,76.77,77,50,7.2
477,Christchurch,NZ,2022-02-02 17:31:27,-43.5333,172.6333,79.0,63,100,1.01
478,Beringovskiy,RU,2022-02-02 17:34:31,63.05,179.3167,-1.86,82,41,22.01
479,Reconquista,AR,2022-02-02 17:34:31,-29.15,-59.65,107.46,12,53,9.46
480,Svatove,UA,2022-02-02 17:34:31,49.4103,38.1503,33.01,100,100,4.23
481,Korla,CN,2022-02-02 17:34:32,41.7597,86.1469,23.94,56,23,5.03
482,Muzhi,RU,2022-02-02 17:34:32,65.3667,64.6667,-0.71,97,100,6.13
483,Vernon,CA,2022-02-02 17:30:25,50.2581,-119.2691,19.29,65,100,8.05
484,Axim,GH,2022-02-02 17:34:32,4.8699,-2.2405,81.77,74,49,9.37
485,Bowen,AU,2022-02-02 17:34:32,-20.0167,148.2333,77.22,84,100,3.69
486,Rota,ES,2022-02-02 17:34:33,36.6224,-6.3586,68.09,52,0,2.3
487,Fare,PF,2022-02-02 17:34:33,-16.7,-151.0167,80.56,75,28,17.96
488,Sakakah,SA,2022-02-02 17:34:34,29.9697,40.2064,58.57,34,23,13.58
489,Te Anau,NZ,2022-02-02 17:34:34,-45.4167,167.7167,59.67,97,100,3.94
490,Maridi,SS,2022-02-02 17:34:34,4.9158,29.4742,80.94,23,99,3.71
491,Belaya Gora,RU,2022-02-02 17:34:34,68.5333,146.4167,-22.18,99,95,4.18
492,Tuatapere,NZ,2022-02-02 17:34:35,-46.1333,167.6833,56.82,93,100,7.38
493,Kenai,US,2022-02-02 17:33:18,60.5544,-151.2583,17.65,93,100,3.44
494,Bima,ID,2022-02-02 17:34:35,-8.4667,118.7167,75.83,91,66,2.01
495,Carlyle,US,2022-02-02 17:34:35,38.6103,-89.3726,32.56,93,100,17.63
496,Penzance,GB,2022-02-02 17:34:35,50.1186,-5.5371,49.21,87,75,9.22
497,Atar,MR,2022-02-02 17:34:36,20.5169,-13.0499,87.08,13,68,16.91
498,Vila Velha,BR,2022-02-02 17:33:36,-20.3297,-40.2925,82.35,82,75,8.05
499,Broome,US,2022-02-02 17:34:36,42.2506,-75.833,42.01,69,0,4.0
500,Taiyuan,CN,2022-02-02 17:34:36,37.8694,112.5603,13.86,67,0,4.47
501,Yendi,GH,2022-02-02 17:34:36,9.4427,-0.0099,87.55,8,38,3.67
502,Sao Raimundo Das Mangabeiras,BR,2022-02-02 17:34:37,-7.0219,-45.4811,91.26,43,16,7.45
503,Westport,US,2022-02-02 17:31:05,41.1415,-73.3579,46.27,85,100,1.01
504,Dinar,TR,2022-02-02 17:35:37,38.065,30.1656,46.36,94,100,14.9
505,Cervo,ES,2022-02-02 17:35:37,43.6702,-7.4101,53.96,82,35,3.83
506,Matagami,CA,2022-02-02 17:35:38,49.7502,-77.6328,6.91,66,75,11.5
507,Pierre,US,2022-02-02 17:35:38,44.3683,-100.351,8.06,62,20,10.0
508,Sena Madureira,BR,2022-02-02 17:35:38,-9.0656,-68.6569,85.93,66,85,2.28
509,Kousseri,CM,2022-02-02 17:35:38,12.0769,15.0306,73.29,15,8,13.42
510,Honiara,SB,2022-02-02 17:32:49,-9.4333,159.95,78.21,87,100,5.12
511,Kloulklubed,PW,2022-02-02 17:33:41,7.0419,134.2556,79.3,80,100,20.56
512,Bonthe,SL,2022-02-02 17:35:39,7.5264,-12.505,82.92,67,8,12.68
513,Margate,GB,2022-02-02 17:35:39,51.3813,1.3862,51.04,78,95,10.2
514,Anchorage,US,2022-02-02 17:32:10,61.2181,-149.9003,20.64,86,0,0.0
515,Tual,ID,2022-02-02 17:35:39,-5.6667,132.75,82.69,73,100,7.09
516,Katherine,AU,2022-02-02 17:35:39,-14.4667,132.2667,77.32,94,98,4.61
517,Beloha,MG,2022-02-02 17:34:59,-25.1667,45.05,74.14,73,0,21.23
518,Marathon,US,2022-02-02 17:35:40,44.9,-89.7668,8.13,62,0,1.01
519,Kaitangata,NZ,2022-02-02 17:35:40,-46.2817,169.8464,57.43,96,100,8.86
520,Port-Cartier,CA,2022-02-02 17:35:40,50.0334,-66.8654,23.76,93,100,10.58
521,Rae Bareli,IN,2022-02-02 17:35:40,26.2167,81.2333,53.73,53,0,8.97
522,Usevya,TZ,2022-02-02 17:35:41,-7.1,31.2333,67.44,94,99,2.17
523,Bossier City,US,2022-02-02 17:35:41,32.516,-93.7321,65.95,75,75,5.75
524,Noumea,NC,2022-02-02 17:35:41,-22.2763,166.4572,69.78,86,91,7.94
525,Uige,AO,2022-02-02 17:35:41,-7.6087,15.0613,69.87,89,88,3.87
526,Coquimbo,CL,2022-02-02 17:35:42,-29.9533,-71.3436,69.53,64,0,13.8
527,Bonavista,CA,2022-02-02 17:34:33,48.6499,-53.1147,30.11,72,61,9.8
528,Sistranda,NO,2022-02-02 17:35:42,63.7256,8.834,30.16,59,99,17.45
529,Montecristo,CO,2022-02-02 17:35:42,8.2971,-74.4733,91.62,48,22,3.2
530,Nyurba,RU,2022-02-02 17:35:42,63.2842,118.3319,-34.06,100,59,3.24
531,Bogo,PH,2022-02-02 17:35:43,11.0517,124.0055,76.95,85,95,10.54
532,Palembang,ID,2022-02-02 17:35:43,-2.9167,104.7458,78.89,89,20,3.44
533,Bengkulu,ID,2022-02-02 17:35:43,-3.8004,102.2655,76.5,86,94,4.56
534,Maniitsoq,GL,2022-02-02 17:35:44,65.4167,-52.9,1.94,84,99,16.93
535,Vallenar,CL,2022-02-02 17:35:44,-28.5708,-70.7581,85.46,25,0,11.12
536,Praia Da Vitoria,PT,2022-02-02 17:35:44,38.7333,-27.0667,63.75,77,20,10.18
537,Ambilobe,MG,2022-02-02 17:35:30,-13.2,49.05,74.08,94,100,1.14
538,Nantucket,US,2022-02-02 17:31:07,41.2835,-70.0995,45.01,93,100,9.22
539,Sisimiut,GL,2022-02-02 17:35:44,66.9395,-53.6735,0.3,79,96,17.38
540,Kabo,CF,2022-02-02 17:35:45,7.6994,18.629,80.87,15,15,3.89
541,Esik,KZ,2022-02-02 17:35:45,43.3552,77.4525,18.82,59,98,5.93
542,Beni Suef,EG,2022-02-02 17:35:45,29.0731,31.0979,59.23,31,48,6.17
543,Kulu,TR,2022-02-02 17:35:45,39.0951,33.0799,38.55,86,100,24.16
544,Aksay,RU,2022-02-02 17:35:46,47.26,39.87,44.82,93,100,4.0
545,Belyy Yar,RU,2022-02-02 17:35:46,53.6039,91.3903,-16.71,76,20,4.47
546,Zhigansk,RU,2022-02-02 17:35:46,66.7697,123.3711,-12.44,98,100,1.03
547,Howard Springs,AU,2022-02-02 17:35:46,-12.497,131.047,80.51,98,100,9.15
548,Bucyrus,US,2022-02-02 17:35:47,40.8084,-82.9755,40.35,91,100,12.73
549,Taloda,IN,2022-02-02 17:35:47,21.5667,74.2167,73.42,30,3,6.62
550,Micheweni,TZ,2022-02-02 17:36:47,-4.9667,39.8333,80.74,82,98,12.53
551,Krasnyye Barrikady,RU,2022-02-02 17:36:47,46.2045,47.8535,30.16,100,100,13.42
552,Ishim,RU,2022-02-02 17:36:48,56.1128,69.4902,22.75,93,100,12.28
553,Yerbogachen,RU,2022-02-02 17:36:48,61.2767,108.0108,-5.51,100,97,2.68
554,Paciran,ID,2022-02-02 17:36:48,-6.8767,112.3761,77.99,86,56,7.78
555,Flinders,AU,2022-02-02 17:36:48,-34.5833,150.8552,64.18,78,100,15.99
556,Roald,NO,2022-02-02 17:36:49,62.5833,6.1333,34.0,80,75,11.5
557,Esperance,AU,2022-02-02 17:36:49,-33.8667,121.9,57.04,72,0,13.31
558,Ofunato,JP,2022-02-02 17:36:49,39.0717,141.7167,31.14,61,19,15.77
559,Alugan,PH,2022-02-02 17:36:49,12.2188,125.4808,78.42,85,100,13.6
560,Gushikawa,JP,2022-02-02 17:36:50,26.3544,127.8686,69.03,95,75,3.44
561,Zaragoza,ES,2022-02-02 17:33:08,41.6561,-0.8773,63.05,35,0,3.0
